ï..Movie.Name,Release.Date,Opening.Day,Opening.Weekend,End.of.Week.1,Lifetime..India.Only..Net.Collection.Crores.in.Release.Year.
Gadar – Ek Prem Katha,15-Jun-01,1.4,4.08,9.28,76.88
Kabhi Khushi Kabhie Gham,14-Dec-01,2.38,7,14.38,55.65
Lagaan: Once Upon a Time in India,15-Jun-01,1,3.14,6.63,34.31
Indian,26-Oct-01,1.8,5.16,9.08,24.22
Dil Chahta Hai,10-Aug-01,0.9,2.77,5.73,20.02
Jodi No.1,13-Apr-01,1.15,3.41,6.57,18.9
Chori Chori Chupke Chupke,09-Mar-01,1.14,3.48,6.5,18.35
Ek Rishtaa – The Bond of Love,18-May-01,1.31,3.84,7.12,17.78
Mujhe Kucch Kehna Hai,25-May-01,0.81,2.46,5.11,17.28
Ajnabee,22-Sep-01,1.65,4.78,8.07,17.04
Lajja,31-Aug-01,1.34,3.92,7.16,15.87
Yaadein,27-Jun-01,1.59,4.59,8.21,14.65
Asoka,26-Oct-01,1,2.87,5.27,11.54
Farz,12-Jan-01,1.07,3.08,5.43,11.27
Nayak,07-Sep-01,0.85,2.6,4.81,10.75
Albela,20-Apr-01,0.76,2.34,4.35,10.53
Aashiq,26-Jan-01,0.9,2.39,4.37,10.34
Aks,13-Jul-01,1,2.97,5.15,8
Kyonkii Main Jhuth Nahi bolta,21-Sep-01,0.64,1.9,3.55,7.95
Yeh Raaste Hai Pyaar Ke,10-Aug-01,0.83,2.44,4.26,7.76
Pyaar Tune Kya Kiya,27-Apr-01,0.48,1.47,2.74,6.83
One 2 Ka 4,30-Mar-01,0.77,2.14,3.71,6.64
Aamdani Athanni Kharcha Rupaiya,21-Dec-01,0.46,1.41,2.6,6.12
Love Ke Liye Kuch Bhi Karega,29-Jun-01,0.57,1.67,2.9,5.57
Rehnaa Hai Terre Dil Mein,18-Oct-01,0.41,1.32,2.25,5.52
Chuppa Rustam,23-Mar-01,0.27,0.75,1.58,5.42
Style,28-Dec-01,0.29,0.97,1.81,5.36
Kasoor,02-Feb-01,0.23,0.83,1.63,5.31
Deewaanapan,16-Nov-01,0.48,1.38,2.39,5.1
Kuch Khatti Kuch Meethi,19-Jan-01,0.35,1.1,2.05,5.04
Tum Bin,13-Jul-01,0.15,0.56,1.21,4.43
Chandni Bar,28-Sep-01,0.16,0.63,1.14,4.09
Yeh Teraa Ghar Yeh Meraa Ghar,12-Oct-01,0.54,1.59,2.6,3.87
Officer,14-Mar-01,0.43,1.21,2.08,3.71
Zubeidaa,01-Jan-01,0.19,0.64,1.21,3.48
Pyaar Ishq Aur Mohabbat,03-Aug-01,0.56,1.52,2.41,3.32
Tera Mera Saath Rahen,16-Nov-01,0.43,1.21,1.96,3.04
Hum Ho Gaye Aapke,13-Aug-01,0.35,1.03,1.72,2.89
Bas Itna Sa Khwaab Hai,06-Jul-01,0.42,1.14,1.8,2.73
Abhay,16-Nov-01,0.28,0.78,1.28,2.02
Ittefaq,14-Sep-01,0.36,0.93,1.46,1.92
Kasam,12-Oct-01,0.19,0.51,0.79,1.29
Bawandar,08-Dec-01,0.1,0.32,0.56,1.05
Paagalpan,08-Jun-01,0N.A,0N.A,0.67,1.03
Avgat,01-Jun-01,0N.A,0N.A,0.6,1
Khatron Ke Khiladi,04-May-01,0.13,0.34,0.53,0.99
Rahul,06-Apr-01,0.08,0.27,0.48,0.98
Ehsaas – A Feeling,30-Nov-01,0.17,0.46,0.7,0.97
Zahreela,02-Mar-01,0.13,0.35,0.53,0.87
Vatsyayana Kamasutra,09-Mar-01,0N.A,0N.A,0.45,0.85
Saathiya,20-Dec-02,0.53,1.79,3.78,15.26
Kaante,20-Dec-02,2.04,5.87,10.38,20.45
Karz-The Burden of Truth,06-Dec-02,1.26,3.57,5.57,8.7
Waah! Tera Kya Kehna,01-Nov-02,0.25,0.71,1.09,1.8
Annarth,01-Nov-02,0.39,1.13,1.83,3
Jeena Sirf Merre Liye,01-Nov-02,0.66,1.92,3.36,6.5
Deewangee,25-Oct-02,0.68,2.05,3.87,11.44
Dil Vil Pyar Vyar,18-Oct-02,0.32,1,1.58,2.37
Hathyar,18-Oct-02,0.77,2.12,3.29,5.35
Yeh Kya Ho Raha Hai?,11-Oct-02,0.51,1.4,2.11,2.91
Road,27-Sep-02,0.88,2.59,4.3,7.57
Gunaah,20-Sep-02,0.59,1.71,2.71,4.49
Shakti – The Power,20-Sep-02,0.98,2.82,4.62,8.48
Ek Chhotisi Love Story,06-Sep-02,0.35,0.98,1.73,4.84
Dil Hai Tumhaara,06-Sep-02,0.76,2.34,4.11,8.69
Chor Machaye Shor,30-Aug-02,1,2.97,4.78,7.66
Maine Dil Tujhko Diya,23-Aug-02,0.85,2.46,3.86,6.4
Jaani Dushman,16-Aug-02,1.35,4.02,6.47,10.73
Mujhse Dosti Karoge,09-Aug-02,1.16,3.58,6.28,12.95
Yeh Hai Jalwa,26-Jul-02,0.87,2.45,3.7,5.49
Om Jai Jagadish,19-Jul-02,0.79,2.34,3.71,6.16
Devdas,12-Jul-02,2.09,6.15,11.78,41.66
Humraaz,05-Jul-02,1.55,4.48,7.7,16.59
Kyaa Dil Ne Kahaa,28-Jun-02,0.7,1.96,3,4.24
Awara Paagal Deewana,21-Jun-02,1.53,4.43,7.66,16.02
Badhaai Ho Badhaai,14-Jun-02,0.63,1.79,2.72,3.79
Rishtey,12-Jun-02,0.68,2.02,3.44,6
The Legend Of Bhagat Singh,07-Jun-02,0.59,1.84,3.3,7.45
Mere Yaar Ki Shaadi Hai,07-Jun-02,0.52,1.61,3.04,8.34
23rd March 1931 Shaheed,07-Jun-02,1.21,3.26,5.08,7.6
Hum Kisi Se Kum Nahin,31-May-02,1.63,4.64,7.38,19
Hum Tumhare Hain Sanam,24-May-02,1.42,4.14,6.84,13.52
Ab Ke Baras,10-May-02,0.4,1.13,1.87,3.09
Na Tum Jaano Na Hum,10-May-02,0.81,2.46,4.34,8.14
Tum Se Achcha Kaun Hai,26-Apr-02,0.2,0.62,1.02,1.88
Aap Mujhe Achche Lagne Lage,19-Apr-02,1.09,3.24,5.3,9.59
Company,12-Apr-02,1.18,3.47,6.01,13.83
Aankhen,05-Apr-02,1.2,3.63,6.67,17.48
44181,22-Mar-02,0.52,1.57,2.79,6.37
Kya Yehi Pyaar Hai,22-Mar-02,0.6,1.8,3.12,7.58
Kranti,15-Mar-02,0.82,2.31,3.78,6.19
Tumko Na Bhool Paayenge,22-Feb-02,1.28,3.61,5.99,10.53
Haan Maine Bhi Pyaar Kiya,15-Feb-02,0.96,2.81,4.56,8.93
Filhaal,01-Feb-02,0.22,0.65,1.09,1.91
Maa Tujhhe Salaam,25-Jan-02,1.71,4.9,7.72,13.32
Yeh Dil Aashiqanaa,18-Jan-02,0.47,1.47,2.57,6.22
Koi Mere Dil Se Poochhe,11-Jan-02,0.55,1.5,2.4,3.8
Pitaah,04-Jan-02,0.74,2.07,3.19,4.79
Raaz,02-Jan-02,0.79,2.32,4.69,21.46
Ankhiyon Se Goli Maare,01-Jan-02,0.55,1.45,2.15,3.1
LOC Kargil,26-12-2003,2.27,6.43,10.62,17.64
Munnabhai MBBS,19-12-2003,1.06,3.35,6.08,23.13
Fun2ssh,19-12-2003,0.32,1.03,1.73,2.92
Janasheen,28-11-2003,1.37,3.87,6.19,9.79
Kal Ho Naa Ho,28-11-2003,2.17,6.71,12.45,38.55
Out Of Control,21-11-2003,0.72,2.15,3.31,4.77
Pinjar,24-10-2003,0.39,1.08,1.79,3.43
Sssshhh?,24-10-2003,0.46,1.18,1.98,3.64
Khel,03-10-2003,1.01,2.92,4.48,6.99
Baghban,03-10-2003,0.9,2.92,5.39,20.65
Zameen,26-09-2003,1.45,4.22,6.58,11
Boom,19-09-2003,1.27,3.58,5.28,6.23
Parwana,12-09-2003,0.74,2.07,3.1,4.35
Market,12-09-2003,0.32,0.99,1.58,2.81
Kuch Naa Kaho,05-09-2003,0.71,2.22,3.7,6.46
Calcutta Mail,05-09-2003,0.45,1.29,1.95,2.59
Gangaajal,29-08-2003,1.08,3.1,5.22,10.48
Mumbai Se Aaya Mera Dost,22-08-2003,0.52,1.43,2.11,2.48
Footpath,15-08-2003,0.62,1.76,2.74,4.15
Tere Naam,15-08-2003,1.85,4.78,7.74,14.53
Koi Mil Gaya,08-08-2003,2.25,6.45,12.9,47.2
Oops?,01-08-2003,N.A.,N.A.,N.A.,0.01
Chori Chori,01-08-2003,0.48,1.42,2.23,3.15
Hungama,01-08-2003,0.8,2.53,4.45,12.61
Darna Mana Hai,25-07-2003,0.86,2.52,3.84,5.15
Jaal – The Trap,18-07-2003,1.09,2.97,4.62,7.1
Qayamat,11-07-2003,1.87,5.34,9.08,17.46
Hawa,04-07-2003,0.54,1.5,2.38,3.76
Main Prem Ki Diwani Hoon,27-06-2003,1.24,3.81,6.77,17.8
Supari,20-06-2003,0.45,1.25,1.85,2.66
Chalte Chalte,13-06-2003,1.5,4.52,8.23,19.44
Khwahish,06-06-2003,0.35,1.03,1.7,3.34
Nayee Padosan,06-06-2003,0.36,1.1,1.8,3.09
Bhoot,30-05-2003,1.27,3.69,6.43,14.49
Jajantaram Mamantram,30-05-2003,0.32,1.02,1.78,3.65
Andaaz,23-05-2003,1.44,4.39,6.97,15.94
Armaan,16-05-2003,0.75,0.05,3.94,6.82
Ishq Vishk,09-05-2003,0.58,1.8,3.19,7.74
The Hero,11-04-2003,2.22,6.31,10.74,26.23
Saaya,07-04-2003,0.47,1.39,2.17,3.24
Ek Aur Ek Gyarah,28-03-2003,1.1,3.19,5.26,11.71
Om,21-03-2003,0.31,0.88,1.34,2.2
Chura Liyaa Hai Tumne,21-03-2003,0.41,1.18,1.93,3.1
Baaz,07-02-2003,0.43,1.19,1.82,2.81
Khushi,07-02-2003,0.74,2.18,3.76,9.03
Dum,24-01-2003,0.53,1.59,2.76,5.03
Kucch To Hai,24-01-2003,0.7,2.06,3.57,6.78
Jism,17-01-2003,0.67,1.91,3.37,8.14
Dil Ka Rishta,17-01-2003,0.56,1.76,2.89,5.53
Talaash… The Hunt Begins,03-01-2003,0.95,4.39,7.86,7.86
Tujhe Meri Kasam,03-01-2003,0.16,0.61,1.09,8.93
Shikhar,30-12-2005,1.21,3.62,5.27,6.62
Dosti – Friends Forever,23-12-2005,1.28,3.55,5.58,8.77
Vaah! Life Ho Toh Aisi,23-12-2005,0.86,2.51,3.8,5.84
Bluffmaster,16-12-2005,1.6,5.21,8.56,18.28
Neal ‘n’ Nikki,09-12-2005,1.05,2.98,4.4,6.06
Ek Ajnabee,09-12-2005,1.1,3.12,4.68,6.94
Kalyug,09-12-2005,0.68,1.97,3.18,7.21
Apaharan,02-12-2005,1.9,5.63,8.9,15.66
Deewane Huye Paagal,25-11-2005,2.24,6.49,10,15.17
Ek Khiladi Ek Haseena,18-11-2005,0.98,2.68,3.94,4.74
Garam Masala,02-11-2005,3.02,7.11,14.13,29
Kyon Ki,02-11-2005,1.92,4.44,8.08,12.71
Shaadi No.1,02-11-2005,1.82,4.37,7.63,11.49
Hanuman,21-10-2005,0.25,0.9,1.58,5.38
Chocolate,16-09-2005,0.85,2.42,3.7,6.64
Salaam Namaste,09-09-2005,2.15,6.84,11.49,26.2
Aashiq Banaya Aapne,02-09-2005,0.85,2.56,3.89,6.38
No Entry,26-08-2005,1.72,7.98,14.08,44.72
Iqbal,26-08-2005,0.13,0.52,0.98,3.86
Barsaat,19-08-2005,1.59,4.46,6.78,9.91
Mangal Pandey – The Rising,12-08-2005,3.24,9.59,17.37,27.86
Viruddh,22-07-2005,1.17,3.65,5.89,10.07
Maine Pyaar Kyun Kiya,15-07-2005,2.4,6.95,11.56,25.69
Dus,08-07-2005,2.92,8.22,12.82,23.29
Paheli,24-06-2005,2.02,5.76,8.75,12.85
Bach Ke Rehna Re Baba,17-06-2005,0.64,1.79,2.82,3.67
Parineeta,10-06-2005,1.15,3.97,6.77,16.79
D – Underworld,03-06-2005,1,2.8,4.23,5.94
Bunty Aur Babli,27-05-2005,2.68,8.66,14.37,36.25
Naina,20-05-2005,0.68,2.13,3.41,4.83
Jo Bole So Nihaal,13-05-2005,1.6,4.32,6.7,8.22
Kyaa Kool Hai Hum,06-05-2005,0.92,3.21,5.32,15.34
Kaal,29-04-2005,2.71,7.53,11.45,19.09
Waqt – Race Against Time,22-04-2005,1.91,5.78,9.37,20.25
Mumbai Xpress,15-04-2005,0.45,1.38,2.16,3.5
Lucky – No Time For Love,06-04-2005,2.32,6.57,10.15,15.94
Shabd,02-04-2005,0.94,2.61,3.86,5.47
Tango Charlie,25-03-2005,1.15,3.11,4.74,7.16
Zeher,25-03-2005,0.64,2.06,3.45,7.34
Karam,12-03-2005,0.77,2.22,3.41,4.95
Bewafaa,25-02-2005,1.93,5.62,8.87,16.97
Jurm,18-02-2005,0.76,2.13,3.18,4.24
Black,04-02-2005,1.03,3.43,6.47,23.19
Blackmail,28-01-2005,0.81,2.13,3.1,4.14
Kisna,21-01-2005,1.49,4.22,6.59,8.22
Insan,14-01-2005,0.92,2.41,3.72,6.58
Elaan,14-01-2005,1.16,3.06,4.65,7.52
Vaada,07-01-2005,0.95,2.62,3.85,5.41
Sarkar,07-01-2005,2.43,6.86,11.57,24.84
Bhagam Bhag,22-Dec-06,3.43,11.34,20.91,40.38
Kabul Express,15-Dec-06,1.49,4.87,7.21,11.7
Baabul,06-Dec-06,2.23,6.88,10.81,17.32
Dhoom 2,24-Nov-06,5.85,17.41,32,81.01
Vivah,10-Nov-06,0.83,2.84,5.63,31.56
Apna Sapna Money Money,10-Nov-06,1.94,5.7,8.83,14.4
Umrao Jaan,03-Nov-06,1.52,4.27,6.09,7.43
Don – The Chase Begins Again,20-Oct-06,4.65,14.18,24.44,50.35
Jaan-E-Mann,20-Oct-06,2.43,8.02,13.6,25.13
Woh Lamhe,29-Sep-06,0.82,2.68,4.18,6.8
Khosla Ka Ghosla,22-Sep-06,0.26,1.01,1.65,4.59
Rocky – The Rebel,22-Sep-06,0.41,1.33,1.83,2.16
Dor,22-Sep-06,0.14,0.51,0.9,2.7
Shiva,15-Sep-06,0.56,1.52,2.18,2.44
Pyaar Ke Side Effects,15-Sep-06,0.72,2.42,3.91,8.33
Naksha,08-Sep-06,1.39,3.76,5.43,6.61
Dil Diya Hai,08-Sep-06,0.51,1.44,2.06,2.31
Lage Raho Munnabhai,01-Sep-06,3.38,10.95,20.39,74.88
Aap Ki Khatir,25-Aug-06,1.24,3.59,5.33,6.39
Kabhi Alvida Naa Kehna,11-Aug-06,5.18,16.62,27.79,44.41
Anthony Kaun Hai?,04-Aug-06,1.31,3.52,4.98,6.17
Omkara,28-Jul-06,2.78,8.43,13.22,23.22
The Killer,21-Jul-06,0.99,2.73,3.88,4.65
Golmaal,14-Jul-06,2.32,7.54,12.89,29.33
Corporate,07-Jul-06,1.17,3.69,5.89,10.32
Krrish,23-Jun-06,6,17.34,29.3,72.16
Phir Hera Pheri,09-Jun-06,3.28,9.86,17.75,40.8
Chup Chup Ke,09-Jun-06,1.28,4.18,7.08,13.75
Shaadi Se Pehle,04-Jun-06,1.52,4.53,6.92,10.2
Fanaa,26-May-06,3.96,11.74,20.32,51.87
Tom Dick and Harry,12-May-06,1.19,3.48,5.52,9.22
Tathastu,12-May-06,0.43,1.15,1.65,1.94
36 China Town,05-May-06,2.57,7.55,11.93,23.05
Darna Zaroori Hai,28-Apr-06,1.34,3.72,5.37,6.43
Gangster,28-Apr-06,1.07,3.47,5.82,12.67
Pyare Mohan,21-Apr-06,1.89,5.72,8.48,11.8
Hum Ko Deewana Kar Gaye,14-Apr-06,1.9,5.41,8.44,14.13
Saawan – The Love Season,06-Apr-06,0.8,2.14,3.06,3.47
Being Cyrus,24-Mar-06,0.38,1.33,2.21,3.91
Malamaal Weekly,10-Mar-06,1.73,5.91,10.26,26.89
Teesri Aankh – The Hidden Camera,03-Mar-06,0.7,2.19,3.11,4.16
Taxi Number 9211,24-Feb-06,1.61,5.17,8.62,19.59
Fight Club – Members Only,17-Feb-06,1,2.8,4.02,5.48
Mere Jeevan Saathi,03-Feb-06,0.4,1.13,1.69,2.42
Aksar,03-Feb-06,0.95,2.85,4.64,8.58
Rang De Basanti,26-Jan-06,3.12,7.69,15.35,53.08
Zinda,12-Jan-06,1.3,3.63,5.92,10.17
Family – Ties of Blood,12-Jan-06,1.38,3.77,5.7,8.59
Jawani Diwani – A Youthful Joyride,06-Jan-06,0.94,2.58,3.7,4.72
Welcome,27-Dec-07,3.32,16.52,33.41,70.15
Traffic Signal,02-Feb-07,1.04,3.52,5.45,8.48
The Train,08-Jun-07,0.96,3.08,4.37,5.11
Taare Zameen Par,21-Dec-07,2.62,9.65,16.57,61.83
Ta Ra Rum Pum,27-Apr-07,3.66,11.42,18.05,38.45
Shootout At Lokhandwala,25-May-07,3.46,10.68,16.72,29.73
Shakalaka Boom Boom,04-Jun-07,1.29,4.04,5.68,6.78
Salaam-E-Ishq,26-Jan-07,4.19,11.15,16.26,22.68
Saawariya,11-Sep-07,3,11.23,16.86,20.92
Risk,19-Jan-07,0.55,1.78,2.45,2.83
Red,03-Sep-07,0.75,2.36,3.37,3.92
Ram Gopal Varma Ki Aag,31-Aug-07,1.72,4.96,6.98,7.39
Provoked,06-Apr-07,0.28,0.9,1.45,2.41
Om Shanti Om,09-Nov-07,5.53,21.47,36.38,78.17
Nishabd,02-Mar-07,1.15,3.73,5.46,7.53
Nehlle Pe Dehlla,02-Mar-07,0.67,1.95,2.76,3.29
Naqaab,13-Jul-07,2.31,7.1,10.26,12.69
Namastey London,23-Mar-07,2.83,9.04,15.69,37.29
Life In A… Metro,11-May-07,0.87,3.52,6.23,15.83
Laaga Chunari Mein Daag,12-Oct-07,2.02,7.36,11.17,17.51
Kya Love Story Hai,20-Apr-07,0.6,1.89,2.59,2.9
Just Married,16-Mar-07,0N.A,0N.A,3.24,4.17
Johnny Gaddaar,28-Sep-07,0.54,1.87,2.83,4.05
Jhoom Barabar Jhoom,15-Jun-07,4.47,13.93,20.53,27.27
Jab We Met,26-Oct-07,1.75,6.82,11.8,31.06
Honeymoon Travels Pvt Ltd.,23-Feb-07,1.17,3.84,6.09,11.62
Heyy Babyy,24-Aug-07,4.77,15.17,0N.A,24.48
Hattrick,16-Mar-07,0.93,2.91,4.03,4.81
Guru,12-Jan-07,3.37,11.14,18.7,45.49
Good Boy Bad Boy,05-Nov-07,0.97,3.24,4.81,7.25
Gandhi My Father,03-Aug-07,0.46,1.58,2.37,3.42
Fool n Final,01-Jun-07,2.63,8.19,12.47,17.82
Eklavya – The Royal Guard,16-Feb-07,3.19,9.65,13.97,18.88
Dus Kahaniyaan,07-Dec-07,1.2,4.02,5.98,7.78
Dhol,21-Sep-07,1.72,5.56,8.96,16.06
Dhan Dhana Dhan Goal,23-Nov-07,2.05,6.43,9.55,13.87
Dhamaal,07-Sep-07,2.38,8,13.65,32.51
Darling,07-Sep-07,0.58,1.77,2.5,2.91
Cheeni Kum,25-May-07,1,3.97,6.75,17.3
Chak De India,10-Aug-07,3.07,11.53,21.53,66.54
Cash,03-Aug-07,3.73,11.08,15.9,18.57
Buddha Mar Gaya,17-Aug-07,0.62,1.94,2.73,2.95
Black Friday,09-Feb-07,0.47,1.78,2.88,4.76
Big Brother,13-Apr-07,0.82,2.42,3.5,4.94
Bhool Bhulaiyaa,12-Oct-07,3.88,14.37,23.5,49.1
Bheja Fry,13-Apr-07,0.27,1.22,2.41,8.98
Awarapan,29-Jun-07,0.79,2.88,4.47,7.76
Apne,29-Jun-07,1.89,6.22,10.34,22.07
Aap Ka Surroor – The Moviee,29-Jun-07,1.79,5.25,8.04,12.43
Aaja Nachle,30-Nov-07,1.85,6.16,9.03,14.07
Ghajini,25-Dec-08,0N.A,0N.A,55.16,114
Jumbo,25-Dec-08,0.33,1.16,1.66,2.53
Rab Ne Bana Di Jodi,12-Dec-08,6.76,24.32,41.79,84.68
Dil Kabaddi,05-Dec-08,0.6,2.14,3.27,3.84
Oye Lucky! Lucky Oye!,28-Nov-08,0.7,2.97,4.63,6.72
Yuvvraaj,21-Nov-08,2.88,9.02,12.94,16.89
Dostana,14-Nov-08,5.29,17.53,26.74,44.38
Emi,07-Nov-08,1.03,3.35,4.71,5.03
Fashion,29-Oct-08,2.44,6.78,14.4,26.46
Golmaal Returns,29-Oct-08,5.89,17.56,33.9,51.12
Heroes,24-Oct-08,2.09,6.78,10.38,12.63
Roadside Romeo,24-Oct-08,0.66,2.25,3.39,4.54
Karzzzz,17-Oct-08,2.05,6.24,9.06,10.34
Hello,10-Oct-08,1.97,6.27,9.7,12.11
Kidnap,02-Oct-08,4.88,9.89,15.84,20.5
Drona,02-Oct-08,1.79,4,7.67,8.97
Welcome to Sajjanpur,19-Sep-08,1.13,4.19,6.42,9.81
1920,12-Sep-08,0.89,3.25,5.84,10.48
A Wednesday !,05-Sep-08,0.44,1.92,3.53,11.73
C Kkompany,29-Aug-08,0.73,2.28,3.14,3.49
Rock On!!,29-Aug-08,1.66,6.02,9.59,25.3
Phoonk,22-Aug-08,1.35,4.37,6.64,9.8
Mumbai Meri Jaan,22-Aug-08,0.44,1.57,2.44,3.54
God Tussi Great Ho,15-Aug-08,2.43,6.42,9.85,12.51
Bachna Ae Haseeno,15-Aug-08,4.87,13.15,20.07,36.19
Singh Is Kinng,08-Aug-08,7.24,25.53,39.38,67.91
Ugly Aur Pagli,01-Aug-08,1.32,4.53,6.68,7.13
Money Hai Toh Honey Hai,25-Jul-08,0.69,2.26,3.32,3.88
Mission Istaanbul,25-Jul-08,1.18,3.86,5.36,6.35
Kismat Konnection,18-Jul-08,3.41,11.45,16.81,22.77
Contract,18-Jul-08,0.58,1.9,2.54,2.66
Love Story 2050,04-Jul-08,2.03,6.72,9.73,11.01
Jaane Tu… Ya Jaane Na,04-Jul-08,3.45,12.21,21.01,55.62
Thoda Pyaar Thoda Magic,27-Jun-08,3.34,11.52,16.85,21.67
De Taali,20-Jun-08,1.5,4.83,7.26,8.49
Mere Baap Pehle Aap,13-Jun-08,2.77,9.96,15.27,22.71
Sarkar Raj,06-Jun-08,4.97,16.42,23.83,34.31
Jannat,16-May-08,2.64,8.97,14.24,30.1
Bhoothnath,09-May-08,2.45,8.64,13.62,23.89
Mr. White Mr. Black,02-May-08,0.55,1.78,2.49,2.81
Tashan,25-Apr-08,3.92,1.22,18.68,29.35
Krazzy 4,11-Apr-08,2.73,8.96,13.59,19.59
U Me Aur Hum,11-Apr-08,2.21,7.59,12.08,20.98
One Two Three,28-Mar-08,2.15,7.53,11.46,17.12
Race,21-Mar-08,6.32,21.06,33.33,60.83
Black & White,07-Mar-08,0.55,2.01,3.32,5.31
Jodhaa Akbar,15-Feb-08,3.81,13.32,21.83,56.04
Mithya,08-Feb-08,0.48,1.79,2.99,5.19
Sunday,25-Jan-08,2.31,7.78,12.03,20.3
Halla Bol,11-Jan-08,1.87,6.28,9.27,12.75
Bolo Raam,31-12-2009,N.A.,N.A.,N.A.,0.41
Accident on Hill Road,31-12-2009,N.A.,N.A.,N.A.,0.72
"Raat Gayi, Baat Gayi?",31-12-2009,N.A.,N.A.,N.A.,0.64
3 Idiots,25-12-2009,12.78,40.65,79.07,202.95
World Cupp 2011,18-12-2009,N.A.,N.A.,N.A.,0.11
Paa,04-12-2009,2.15,10.9,16,30.49
Radio,03-12-2009,N.A.,N.A.,N.A.,1.09
De Dana Dan,27-11-2009,0N.A,21.37,34.31,48.01
Kurbaan,20-11-2009,0N.A,11.43,17.34,27.09
Marega Salaa,20-11-2009,N.A.,N.A.,N.A.,0.13
Aao Wish Karein,13-11-2009,0N.A,0N.A,0N.A,0.02
Tum Mile,13-11-2009,0N.A,5.75,9.24,9.28
2012 (English),12-11-2009,0N.A,0N.A,0N.A,63.75
Rocket Singh – Salesman Of The Year,12-11-2009,0N.A,8.6,13.81,16.55
Ajab Prem Ki Ghazab Kahani,06-11-2009,6.64,22.52,35.83,64.6
Jail,06-11-2009,0N.A,0N.A,0N.A,7.69
London Dreams,30-10-2009,0N.A,14.6,23.36,28.96
Aladin,30-10-2009,0N.A,2.93,4.69,5.82
Blue,16-10-2009,5.83,18.07,29.72,38.55
All The Best,16-10-2009,1.82,12.38,22.14,41.41
Main Aurr Mrs Khanna,16-10-2009,1.64,4.42,6.86,7.4
Acid Factory,09-10-2009,0.61,1.93,3.76,3.8
Short Kut – The Con is On,07-10-2009,1.37,4.48,6.51,7.69
Do Knot Disturb,02-10-2009,3.63,9.22,13,16.93
Wake Up Sid,02-10-2009,3.66,10.42,15.68,27.95
What’s Your Raashee?,25-09-2009,1.61,5.95,8.62,10.13
Dil Bole Hadippa!,18-09-2009,3.42,11.82,17.59,23.35
Wanted,18-09-2009,5.1,15.57,33.63,60.24
Fox,04-09-2009,0.59,1.81,2.52,2.87
Aagey Se Right,04-09-2009,0.52,1.71,2.57,3.04
Quick Gun Murugun,28-08-2009,0.27,0.93,1.37,1.87
Daddy Cool,28-08-2009,0.86,2.79,3.99,4.44
Life Partner,14-08-2009,1.58,5.79,9.86,20.67
Kaminey,14-08-2009,4.39,14.82,24.6,41.52
Teree Sang,07-08-2009,0.31,1.08,1.69,1.97
Agyaat,07-08-2009,1.23,3.57,5.18,5.33
Love Aaj Kal,31-07-2009,8.02,27.86,42.8,66.56
Luck,24-07-2009,3.71,11.18,16.49,21.03
Partner,20-07-2009,5.38,16.57,27.74,60.05
Jashnn,17-07-2009,0.61,1.88,2.69,2.84
Kambakkht Ishq,03-07-2009,7.42,22.62,33.1,47.09
New York,26-06-2009,5.62,17.42,27.36,45.39
Paying Guests,19-06-2009,1,3.33,4.64,5.55
Kal Kissne Dekha,12-06-2009,1.03,3.34,4.75,5.67
99,15-05-2009,0.76,2.97,4.56,10.78
8×10 Tasveer,03-04-2009,1.89,6.15,9.16,15.41
Aa Dekhen Zara,27-03-2009,0.85,2.85,4.23,6.16
Ek – The Power of One,27-03-2009,1,3.22,4.71,6.31
Aloo Chaat,20-03-2009,0.56,2,3.11,4.86
Gulaal,13-03-2009,0.75,2.29,3.33,4.31
Jai Veeru,13-03-2009,0.59,1.73,2.48,2.79
13B,06-03-2009,0.88,3.1,4.77,7.37
Dhoondte Reh Jaoge,06-03-2009,0N.A,0N.A,4.74,6.3
Delhi-6,20-02-2009,4.77,15.43,22.2,30.7
Billu,13-02-2009,3.78,12.05,17.53,22.92
Dev D,06-02-2009,1.34,5.34,8.47,15.3
Luck By Chance,30-01-2009,1.72,5.97,9.16,12.25
Raaz – The Mystery Continues,23-01-2009,3.95,11.92,19.58,25.5
Chandni Chowk To China,16-01-2009,5.57,17.87,25.37,29.46
Shaabash! You Can Do It,01-01-2009,N.A.,N.A.,N.A.,N.A.
Love com,01-01-2009,N.A.,N.A.,N.A.,0.17
Trump Card,01-01-2009,N.A.,N.A.,N.A.,0.02
Ada… a way of life,31-12-2010,N.A.,N.A.,N.A.,0.01
Toonpur Ka Superrhero,24-12-2010,N.A.,1.4,2.37,3.55
Isi Life Mein,24-12-2010,N.A.,N.A.,N.A.,1.65
Tees Maar Khan,24-12-2010,13,38.25,49.75,60.91
Kaalo,17-12-2010,N.A.,N.A.,N.A.,0.6
332 Mumbai To India,17-12-2010,N.A.,N.A.,N.A.,0.25
Mirch,17-12-2010,N.A.,N.A.,N.A.,0.89
Payback,17-12-2010,N.A.,N.A.,N.A.,0.25
No Problem,10-12-2010,4.5,16.5,23.43,28
Band Baaja Baaraat,10-12-2010,0.95,5.2,9.4,17.08
Phas Gaye Re Obama,03-12-2010,0.22,1.2,2.05,2.45
Rakht Charitra – 2,03-12-2010,N.A.,N.A.,N.A.,3.86
Khelein Hum Jee Jaan Sey,03-12-2010,0N.A,3.25,5.01,5.01
Khuda Kasam,26-11-2010,0N.A,0.36,0.57,1.51
Allah Ke Banday,26-11-2010,N.A.,N.A.,N.A.,0.52
Spanish Beauty/A Beautiful Wife,26-11-2010,N.A.,N.A.,N.A.,0.06
Break Ke Baad,26-11-2010,3,10.5,15,17.64
Hisss,22-11-2010,N.A.,N.A.,N.A.,7.21
Diwangi Ne Had Kar Di,19-11-2010,N.A.,N.A.,N.A.,0.1
Guzaarish,19-11-2010,4,15,22,29.32
Shahrukh Bola Khoobsurat Hai Tu,19-11-2010,N.A.,N.A.,N.A.,0.11
Dunno Y Na Jaane Kyun…,12-11-2010,N.A.,N.A.,N.A.,0.05
Ramaa – The Saviour,12-11-2010,N.A.,N.A.,N.A.,0.15
A Flat,12-11-2010,N.A.,N.A.,N.A.,0.37
Golmaal 3,05-11-2010,8,33.58,62.19,106.34
Action Replayy,05-11-2010,2.75,16.75,23.4,29.06
Musaa,29-10-2010,N.A.,N.A.,N.A.,0.02
Nakshatra,29-10-2010,N.A.,N.A.,N.A.,0.16
Maalik Ek,29-10-2010,N.A.,N.A.,N.A.,0.05
Daayen Ya Baayen,29-10-2010,N.A.,N.A.,N.A.,0.04
Dus Tola,22-10-2010,N.A.,N.A.,N.A.,0.11
Rakht Charitra – I,22-10-2010,N.A.,N.A.,N.A.,9.04
Jhootha Hi Sahi,22-10-2010,N.A.,5,7.49,10.91
Kajraare,15-10-2010,N.A.,N.A.,N.A.,0.01
Aakrosh,15-10-2010,0N.A,7.73,12.35,13.64
Knock Out,15-10-2010,N.A.,3.91,6.28,7.17
Ramayana – The Epic,15-10-2010,N.A.,N.A.,N.A.,0.36
Do Dooni Chaar,08-10-2010,N.A.,N.A.,N.A.,4.32
Lava Kusa,08-10-2010,N.A.,N.A.,N.A.,0.2
Crook: It’s Good To Be Bad,08-10-2010,0N.A,7,11.05,12.4
Khichdi – The Movie,01-10-2010,0.75,3.58,5.04,5.1
Benny and Babloo,01-10-2010,0N.A,0N.A,0N.A,8.46
Robot,01-10-2010,0N.A,7.74,12.37,23.84
Anjaana Anjaani,01-10-2010,7,20.51,33,40.29
Life Express,17-09-2010,N.A.,N.A.,N.A.,0.05
For Real,17-09-2010,0N.A,0N.A,0N.A,0.08
Dabangg,10-09-2010,14.5,48.5,81,138.88
The Film Emotional Atyachar,03-09-2010,0N.A,0N.A,0N.A,0.98
Mallika,03-09-2010,0N.A,0N.A,0N.A,1.01
We Are Family,02-09-2010,2.7,14.2,17.86,21.64
Gumshuda,27-08-2010,N.A.,N.A.,N.A.,0.05
Geng,27-08-2010,N.A.,N.A.,N.A.,0.02
Hello Darling,27-08-2010,N.A.,N.A.,N.A.,2.97
Antardwand,27-08-2010,0N.A,0N.A,0N.A,0.25
Soch Lo,27-08-2010,N.A.,N.A.,N.A.,0.05
Aashayein,27-08-2010,N.A.,1.25,2.05,2.54
Madholal Keep Walking,27-08-2010,N.A.,N.A.,N.A.,0.06
Kis Hudh Tak…,20-08-2010,N.A.,N.A.,N.A.,0.01
Lafangey Parindey,20-08-2010,0N.A,10.5,17.25,21.77
And Once Again,20-08-2010,N.A.,N.A.,N.A.,0.12
PEEPLI [Live],13-08-2010,0N.A,16,22,30.41
Help,13-08-2010,N.A.,1.34,2.36,2.58
Aisha,06-08-2010,3.65,13.43,17.4,17.55
Once Upon A Time In Mumbaai,30-07-2010,6.05,22.01,34.2,55.47
Khatta Meetha,23-07-2010,7,23,32.91,38.66
Lamhaa,16-07-2010,N.A.,6,8.45,9.08
Udaan,16-07-2010,N.A.,1.25,2.5,3.35
Tere Bin Laden,16-07-2010,0.9,3.74,5.61,7.94
Milenge Milenge,09-07-2010,2.24,7.54,10.45,11
Red Alert – The War Within,09-07-2010,N.A.,N.A.,N.A.,1.55
I Hate Luv Storys,02-07-2010,7,23,33.13,43.17
Mr. Singh Mrs. Mehta,25-06-2010,N.A.,N.A.,N.A.,0.22
Krantiveer-The Revolution,25-06-2010,N.A.,N.A.,N.A.,0.76
www.Love.com,25-06-2010,N.A.,N.A.,N.A.,0.17
Raavan,18-06-2010,0N.A,16.5,23.58,29.17
The Camp,11-06-2010,N.A.,N.A.,N.A.,0.05
Ek Second… Jo Zindagi Badal De?,11-06-2010,N.A.,N.A.,N.A.,0.23
Raajneeti,04-06-2010,10.5,33.63,56,93.66
Ashok Chakra,28-05-2010,N.A.,N.A.,N.A.,0.05
Kites,21-05-2010,10.4,30.5,40.9,49.27
Admissions Open,14-05-2010,0N.A,0N.A,0N.A,0.07
Vroom,14-05-2010,N.A.,N.A.,N.A.,0.06
Kushti,14-05-2010,N.A.,N.A.,N.A.,0.43
Bumm Bumm Bole,14-05-2010,N.A.,N.A.,N.A.,1.09
Bal Hanuman 2,14-05-2010,N.A.,N.A.,N.A.,0.25
Badmaash Company,07-05-2010,0N.A,13.03,20.84,35.41
It’s a Wonderful Afterlife,07-05-2010,N.A.,N.A.,N.A.,1.09
Do Dilon Ke Khel Mein,06-05-2010,N.A.,N.A.,N.A.,0.03
Housefull,30-04-2010,10,29.8,52.3,75.62
Chase,29-04-2010,N.A.,N.A.,N.A.,0.35
Kuchh Kariye,23-04-2010,N.A.,N.A.,N.A.,0.05
City Of Gold,23-04-2010,N.A.,N.A.,N.A.,2.01
Muskurake Dekh Zara,23-04-2010,N.A.,N.A.,N.A.,0.3
Apartment,23-04-2010,N.A.,N.A.,N.A.,0.21
Mumbai 118,23-04-2010,N.A.,N.A.,N.A.,0.11
Bird Idol,23-04-2010,N.A.,N.A.,N.A.,0.29
Paathshaala,16-04-2010,N.A.,5.25,8.35,21.62
Phoonk 2,16-04-2010,N.A.,N.A.,N.A.,7.5
Jaane Kahan Se Aayi Hai,09-04-2010,0,2,3.22,4.57
The Japanese Wife,09-04-2010,N.A.,N.A.,N.A.,0.49
Prince,09-04-2010,N.A.,N.A.,N.A.,28.45
Tum Milo Toh Sahi,02-04-2010,N.A.,N.A.,N.A.,3.52
Sadiyaan,02-04-2010,N.A.,N.A.,N.A.,0.69
The Great Indian Butterfly,02-04-2010,N.A.,0,N.A.,0.04
Pankh,02-04-2010,N.A.,0.17,0.17,0.21
My Friend Ganesha 3,26-03-2010,N.A.,N.A.,N.A.,0.23
Well Done Abba,26-03-2010,N.A.,N.A.,N.A.,3.74
Prem Kaa Game,26-03-2010,N.A.,N.A.,N.A.,N.A.
Hum Tum Aur Ghost,26-03-2010,0N.A,2.5,0N.A,5.09
Mittal V/S Mittal,26-03-2010,N.A.,N.A.,N.A.,0.2
Lahore,19-03-2010,N.A.,N.A.,N.A.,1.05
Idiot Box,19-03-2010,N.A.,N.A.,N.A.,0.03
Shaapit,19-03-2010,N.A.,N.A.,6.05,9.48
Love Sex Aur Dhokha,19-03-2010,N.A.,4.25,6.4,9.78
Na Ghar Ke Na Ghaat Ke,12-03-2010,N.A.,N.A.,N.A.,0.82
Swaha,12-03-2010,N.A.,N.A.,N.A.,0.01
Right Yaaa Wrong,12-03-2010,N.A.,1.93,3.07,4.11
Hide & Seek,12-03-2010,N.A.,N.A.,N.A.,0.56
Atithi Tum Kab Jaoge?,05-03-2010,0N.A,11.86,18.93,41.12
Rokkk,05-03-2010,N.A.,N.A.,N.A.,0.93
Thanks Maa,05-03-2010,N.A.,N.A.,N.A.,0.11
Hello Zindagi,05-03-2010,N.A.,N.A.,N.A.,0.01
Teen Patti,26-02-2010,0N.A,3.84,6.11,6.77
Karthik Calling Karthik,26-02-2010,0N.A,8.92,14.27,26.92
Toh Baat Pakki,19-02-2010,N.A.,N.A.,N.A.,4.24
Click,19-02-2010,N.A.,N.A.,N.A.,2.46
My Name Is Khan,12-02-2010,8,30,48.45,82.52
"Road, Movie",05-02-2010,N.A.,0.83,1.32,2.23
Phaans – Ek Jasoos Ki Kahani,05-02-2010,N.A.,N.A.,N.A.,0.01
Striker,05-02-2010,N.A.,0.8,0,0.84
Rann,29-01-2010,0N.A,4.73,7.55,7.85
Ishqiya,29-01-2010,0N.A,9.33,13.22,28.55
Veer,22-01-2010,7,19.57,31.82,46
Chance Pe Dance,15-01-2010,N.A.,6,9.55,20.62
Bhavnao Ko Samjho,15-01-2010,N.A.,N.A.,N.A.,0.02
Hello Hum Lallann Bol Rahe Hain,15-01-2010,N.A.,0,N.A.,0.03
Mission 11 Jul,15-01-2010,0N.A,0N.A,0N.A,0.02
Dulha Mil Gaya,08-01-2010,0N.A,0N.A,0N.A,4.15
Pyaar Impossible,08-01-2010,0N.A,2.96,4.75,6.27
Ek Aadat,30-11-2009,N.A.,N.A.,N.A.,0.01
Kya Yahi Sach Hai,30-12-2011,0N.A,0N.A,0.19,0.2
Don Ke Baad Kaun?,23-12-2011,N.A.,N.A.,N.A.,0.06
Don 2,23-12-2011,15.3,48.39,75.51,106.71
Pappu Can’t Dance Saala,16-12-2011,N.A.,N.A.,N.A.,0.37
Faraar,16-12-2011,N.A.,N.A.,N.A.,N.A.
Jo Hum Chahein,16-12-2011,N.A.,N.A.,0.23,0.23
Ye Stupid Pyar,09-12-2011,0N.A,0N.A,0N.A,0.01
Lanka,09-12-2011,N.A.,N.A.,0.51,0.52
Ladies VS Ricky Bahl,09-12-2011,4.74,16.54,24.93,32.97
The Dirty Picture,02-12-2011,9.54,32.7,52.5,80
I Am Singh,02-12-2011,N.A.,N.A.,0.35,0.37
Ek Main Ek Tum,01-12-2011,N.A.,N.A.,N.A.,0.01
Desi Boyz,25-11-2011,8,25.5,35.27,42.4
Dam 999,25-11-2011,N.A.,N.A.,0.81,1.13
Shakal Pe Mat Ja,18-11-2011,N.A.,N.A.,0.35,0.39
Who’s There?,18-11-2011,N.A.,N.A.,N.A.,0.03
Rockstar,11-11-2011,10.6,33.6,49.01,62
Tension Doooor,04-11-2011,0N.A,0N.A,0.01,0.02
Na Jaane Kabse..,04-11-2011,N.A.,N.A.,0.02,0.03
Miley Naa Miley Hum,04-11-2011,N.A.,0.46,0.71,0.77
Loot,04-11-2011,N.A.,N.A.,3.12,3.42
Tell Me O Kkhuda,27-10-2011,N.A.,N.A.,0.93,1.28
Damadamm!,27-10-2011,N.A.,N.A.,0.86,1.07
Ra.One,26-10-2011,18.5,92,99,114.29
Be-Careful,21-10-2011,0N.A,0N.A,0.26,0.3
Aazaan,14-10-2011,N.A.,N.A.,1.67,2.31
My Friend Pinto,14-10-2011,N.A.,N.A.,1.45,1.91
Jo Dooba So Paar – It’s Love in Bihar!,14-10-2011,0N.A,0N.A,0N.A,0.28
Mujhse Fraaandship Karoge,14-10-2011,0.5,2.18,3.7,5.12
Mod,14-10-2011,N.A.,N.A.,0.41,0.51
Love Breakups Zindagi,07-10-2011,N.A.,N.A.,1.42,1.7
Soundtrack,07-10-2011,N.A.,N.A.,0.43,0.53
9 Eleven,07-10-2011,N.A.,N.A.,0.02,0.03
Rascals,06-10-2011,0N.A,23.5,27.68,32.6
Saheb Biwi Aur Gangster,30-09-2011,0N.A,3.75,5.77,10.4
Tere Mere Phere,30-09-2011,0N.A,0N.A,0.54,0.65
Force,30-09-2011,5.05,16,24.52,27.29
Chargesheet,30-09-2011,N.A.,N.A.,0.02,0.03
Hum Tum Shabana,30-09-2011,N.A.,1.2,1.9,2.34
Speedy Singhs,23-09-2011,N.A.,N.A.,3.25,3.52
Mausam,23-09-2011,0N.A,20.75,28.49,29.75
U R My Jaan,23-09-2011,N.A.,N.A.,0.06,0.09
Rivaaz,16-09-2011,N.A.,N.A.,0.22,0.33
Mere Brother Ki Dulhan,09-09-2011,7.4,25.9,38.99,58.7
That Girl in Yellow Boots,02-09-2011,N.A.,N.A.,N.A.,2.14
Bol,31-08-2011,0N.A,0N.A,1.27,2.05
Bodyguard,31-08-2011,21.6,88.75,115,148.86
Mummy Punjabi,31-08-2011,N.A.,N.A.,0.16,0.2
Shabri,26-08-2011,N.A.,N.A.,0.27,0.37
Stand By,26-08-2011,N.A.,N.A.,0.25,0.35
Chitkabrey – Shades Of Grey,26-08-2011,0N.A,0N.A,0.15,0.26
Yeh Dooriyan,26-08-2011,N.A.,N.A.,0.26,0.37
Not A Love Story,19-08-2011,N.A.,N.A.,3.5,4.11
Sahi Dhandhe Galat Bande,19-08-2011,N.A.,N.A.,0.61,0.65
5ters – Castle Of Dark Master,19-08-2011,N.A.,N.A.,N.A.,0.01
Chatur Singh Two Star,19-08-2011,N.A.,1.61,2.6,3.26
Aarakshan,12-08-2011,0N.A,16.9,26.52,40.04
Phhir,12-08-2011,N.A.,N.A.,1.91,2.5
I Am Kalam,05-08-2011,N.A.,N.A.,0.6,0.7
Chala Mussaddi – Office Office,05-08-2011,N.A.,N.A.,1.35,1.57
Gandhi To Hitler,29-07-2011,N.A.,N.A.,0.26,0.36
Bubble Gum,29-07-2011,0N.A,0N.A,0.11,0.16
Khap,29-07-2011,N.A.,N.A.,0.12,0.15
Singham,22-07-2011,8.94,30.98,51.25,100.3
Zindagi Na Milegi Dobara,15-07-2011,8,28.25,45.4,90.27
Murder 2,08-07-2011,7.1,22.35,36.5,47.9
Chillar Party,08-07-2011,0.45,3.15,5.1,6.55
Bbuddah…Hoga Terra Baap,01-07-2011,1.9,7.32,11.55,13.5
Delhi Belly,01-07-2011,7.15,26.15,35.02,52
Double Dhamaal,24-06-2011,7.62,22.78,36.59,43.88
Bheja Fry 2,17-06-2011,2.05,6.65,8.25,10.5
Cycle Kick,17-06-2011,N.A.,N.A.,0.02,0.04
Always Kabhi Kabhi,17-06-2011,N.A.,N.A.,2.51,2.88
Bin Bulaye Baarati,17-06-2011,0N.A,0N.A,2.76,3.76
Bhindi Baazaar Inc,17-06-2011,N.A.,N.A.,1.16,1.21
Love Express,10-06-2011,N.A.,N.A.,0.15,0.27
Shaitan,10-06-2011,0.81,3.41,5.25,8.19
Ready,03-06-2011,13.15,40.65,68.02,119.78
A Strange Love Story,03-06-2011,N.A.,N.A.,0.05,0.06
Kucch Luv Jaisaa,27-05-2011,N.A.,N.A.,2.38,2.92
Sheetalbhabhi.com,27-05-2011,0N.A,0N.A,0.15,0.17
Kashmakash,20-05-2011,N.A.,N.A.,0.27,0.3
404,20-05-2011,N.A.,N.A.,0.71,0.99
Pyaar Ka Punchnama,20-05-2011,0.92,3.25,5.56,9
Love U… Mr. Kalakaar!,13-05-2011,N.A.,0.86,1.31,1.93
Shagird,13-05-2011,N.A.,N.A.,1.82,2.07
Stanley Ka Dabba,13-05-2011,N.A.,N.A.,2.6,5.7
Ragini MMS,12-05-2011,0N.A,0N.A,8.06,9.87
Luv Ka The End,06-05-2011,0.6,2.45,4.28,5.88
Haunted – 3D,06-05-2011,2.67,9.33,14.63,25.56
Naughty @ 40,29-04-2011,N.A.,N.A.,N.A.,4.12
Queens! Destiny Of Dance,29-04-2011,N.A.,N.A.,N.A.,0.09
Men Will Be Men,29-04-2011,N.A.,N.A.,N.A.,0.19
I Am,29-04-2011,N.A.,N.A.,N.A.,0.41
Chalo Dilli,29-04-2011,N.A.,3.88,6.22,6.48
Shor In The City,28-04-2011,N.A.,2.34,3.73,3.96
Zokkomon,22-04-2011,N.A.,N.A.,N.A.,0.61
Dum Maaro Dum,22-04-2011,5.4,16.5,23.8,31.74
Teen Thay Bhai,15-04-2011,0.6,2.3,N.A.,2.93
Thank You,08-04-2011,5,18.5,30.5,46.57
F.A.L.T.U,01-04-2011,4.4,13,17.25,24.57
The Green Chic,01-04-2011,N.A.,N.A.,N.A.,N.A.
Game,01-04-2011,1.25,3.25,4.6,6.1
Happy Husbands,25-03-2011,N.A.,N.A.,N.A.,0.36
Yeh Faasley,04-03-2011,N.A.,N.A.,N.A.,0.22
Tanu Weds Manu,25-02-2011,3.26,11.27,18.56,36.84
Satrangee Parachute,25-02-2011,N.A.,N.A.,N.A.,0.06
Kaccha Limboo,18-02-2011,0N.A,0N.A,0N.A,0.06
7 Khoon Maaf,18-02-2011,3.3,11.53,15.5,17.69
Patiala House,11-02-2011,4.1,15.25,22.5,31.16
Aashiqui.in,11-02-2011,N.A.,N.A.,N.A.,0.09
Angel,11-02-2011,N.A.,N.A.,N.A.,0.06
Utt Pataang,04-02-2011,N.A.,N.A.,N.A.,0.33
Yeh Saali Zindagi,04-02-2011,1.15,4.6,7.5,12.1
United Six,04-02-2011,N.A.,N.A.,N.A.,0.3
Dil Toh Baccha Hai Ji,28-01-2011,3.7,15,21.13,28.91
Dhobi Ghat,21-01-2011,3.05,10.05,11.61,13.77
Yamla Pagla Deewana,14-01-2011,7.95,22.8,33.99,55.28
Turning 30!!!,14-01-2011,0N.A,0N.A,0N.A,1.16
No One Killed Jessica,07-01-2011,3.25,13.1,20.7,24.72
Ashoka The Hero,07-01-2011,N.A.,N.A.,N.A.,0.1
Vikalp,07-01-2011,0N.A,0N.A,0N.A,0.11
Impatient Vivek,07-01-2011,N.A.,N.A.,N.A.,0.09
Secrets Of Sex,28-Dec-12,0N.A,0N.A,0.01,0.21
Hansa,28-Dec-12,N.A.,N.A.,0.01,0.01
Dabangg 2,21-Dec-12,21.1,65,106.78,155
Myoho,14-Dec-12,N.A.,N.A.,N.A.,0.01
Cigarette Ki Tarah,14-Dec-12,N.A.,N.A.,0.11,0.12
10ml Love,07-Dec-12,N.A.,N.A.,0.39,0.04
Khiladi 786,07-Dec-12,10.4,34.3,52.55,70
Talaash,30-Nov-12,13.5,47.1,67.9,93.4
Life of Pi,23-Nov-12,0N.A,0N.A,0N.A,61
Jeet Lengey Jahaan,23-Nov-12,N.A.,N.A.,0.03,0.06
Operation Mumbai,23-Nov-12,N.A.,N.A.,N.A.,0.02
Jab Tak Hai Jaan,13-Nov-12,15.23,80.73,98.41,120.85
Son Of Sardaar,13-Nov-12,10.72,66.02,83.25,105.03
It’s Rocking – Dard-E-Disco,09-Nov-12,N.A.,N.A.,N.A.,0.06
Murder In Mumbai,09-Nov-12,N.A.,N.A.,0.02,0.12
1920 – Evil Returns,02-Nov-12,4.05,12.27,19,22.86
Sons of Ram,02-Nov-12,N.A.,N.A.,0.19,0.19
Future To Bright Hai Ji,02-Nov-12,N.A.,N.A.,N.A.,0.01
Ata Pata Laapata,02-Nov-12,N.A.,N.A.,0.37,0.38
Luv Shuv Tey Chicken Khurana,02-Nov-12,1.25,5.75,7.8,9
Le Gaya Saddam,02-Nov-12,N.A.,N.A.,0.05,0.06
Ajab Gazabb Love,26-Oct-12,N.A.,4.25,7,7.22
Rush,26-Oct-12,0N.A,2.1,3.25,3.41
Chakravyuh,24-Oct-12,0N.A,12.25,16.75,18.42
Shudra The Rising,19-Oct-12,N.A.,N.A.,0.63,0.76
Janleva 555,19-Oct-12,0N.A,0N.A,0.05,0.1
Delhi Safari,19-Oct-12,0N.A,0N.A,1.28,1.53
Student Of The Year,19-Oct-12,7.48,30,48,70
In The Name Of.. Tai,12-Oct-12,N.A.,N.A.,N.A.,0.01
Prem Mayee,12-Oct-12,N.A.,N.A.,0.01,0.01
Login,12-Oct-12,N.A.,N.A.,0.1,0.04
Chittagong,12-Oct-12,0N.A,0N.A,0.15,0.19
Bhoot Returns,12-Oct-12,N.A.,3.75,4.75,4.96
Aiyyaa,12-Oct-12,1.35,4.75,6.25,6.63
English Vinglish,05-Oct-12,2.51,13.06,21,34.86
Kismet Love Paisa Dilli,05-Oct-12,N.A.,N.A.,3.74,3.8
OMG Oh My God!,28-Sep-12,4.25,18.65,36.94,81.46
Kamaal Dhamaal Malamaal,28-Sep-12,1.19,6.36,5.54,5.87
Heroine,21-Sep-12,7.5,25,37.1,43.45
The Lost Tape,14-Sep-12,N.A.,N.A.,N.A.,0.08
Qayamat Hi Qayamat,14-Sep-12,N.A.,N.A.,0.36,0.49
Barfi!,14-Sep-12,9.2,34.6,58.6,112.15
Jeena Hai Toh Thok Daal,14-Sep-12,N.A.,N.A.,0.01,0.36
Riwayat,07-Sep-12,N.A.,N.A.,N.A.,0.01
Raaz 3,07-Sep-12,10.47,36.02,55.25,70.07
Chal Pichchur Banate Hain,07-Sep-12,N.A.,N.A.,0.06,0.07
Jalpari,31-Aug-12,N.A.,N.A.,0.03,0.04
From Sydney With Love,31-Aug-12,N.A.,N.A.,0.08,0.13
Joker,31-Aug-12,5,15.75,21,22.51
I M 24,31-Aug-12,N.A.,N.A.,0.15,0.18
Shirin Farhad Ki Toh Nikal Padi,24-Aug-12,1.6,6.4,9.65,11.25
Ek Tha Tiger,15-Aug-12,32.93,100.16,154.21,198.78
Second Marriage Dot Com,10-Aug-12,N.A.,N.A.,0.03,0.05
5 Ghantey Mien 5 Crore,10-Aug-12,0N.A,0N.A,0N.A,0.01
Overtime,10-Aug-12,0N.A,0N.A,0N.A,0.01
Gangs Of Wasseypur 2,08-Aug-12,N.A.,15.44,17.8,22.04
Krishna Aur Kans,03-Aug-12,N.A.,N.A.,0.5,0.86
Jism – 2,03-Aug-12,7.46,20.9,29.91,30.59
Yeh Jo Mohabbat Hai,03-Aug-12,N.A.,N.A.,0.22,0.26
Harud,27-Jul-12,N.A.,N.A.,0.02,0.02
Siyaah..,27-Jul-12,N.A.,N.A.,0.05,0.05
Aalaap,27-Jul-12,N.A.,N.A.,0.07,0.08
Kyaa Super Kool Hain Hum,27-Jul-12,7.12,23.06,35.5,45.14
Challo Driver,20-Jul-12,N.A.,N.A.,0.05,0.06
Gattu,20-Jul-12,N.A.,N.A.,N.A.,0.23
Mere Dost Picture Abhi Baki Hai,20-Jul-12,N.A.,N.A.,0.1,0.14
Cocktail,13-Jul-12,11,36,54,71
3 Bachelors,06-Jul-12,N.A.,N.A.,0.15,0.17
Bol Bachchan,06-Jul-12,12.1,43.1,66.72,102.94
Supermen of Malegaon,29-Jun-12,N.A.,N.A.,0.03,0.04
Daal Mein Kuch Kaala Hai!,29-Jun-12,0N.A,0N.A,0.09,0.1
Maximum,29-Jun-12,N.A.,2,2.55,2.58
The Amazing Spider – Man,29-Jun-12,0N.A,0N.A,0N.A,57.75
Vidhata – Tere Khel Hain Nirale,25-Jun-12,N.A.,N.A.,N.A.,0.01
Gangs Of Wasseypur,22-Jun-12,3.03,10.63,17.7,25.25
Teri Meri Kahaani,22-Jun-12,5.25,16.75,23,25.75
Qasam Se Qasam Se,15-Jun-12,0N.A,0N.A,0.22,0.27
Ferrari Ki Sawaari,15-Jun-12,3.04,13.91,20.96,28.1
Chakradhaar,15-Jun-12,N.A.,N.A.,0.27,0.49
Shanghai,08-Jun-12,3.35,12.1,17.5,19.73
Rowdy Rathore,01-Jun-12,15.1,48.3,79.52,133.25
Arjun – The Warrior Prince,25-May-12,0N.A,1.1,1.36,1.52
Chutki Bajaa Ke,25-May-12,N.A.,N.A.,N.A.,0.01
Yeh Khula Aasmaan,25-May-12,N.A.,N.A.,0.23,0.29
Rakhtbeej,25-May-12,0N.A,0N.A,0.14,0.27
Love Recipe,25-May-12,N.A.,N.A.,N.A.,0.15
MLA,25-May-12,N.A.,N.A.,0.05,0.07
"Love, Wrinkle-free",25-May-12,N.A.,N.A.,0.06,0.09
Mr. Bhatti On Chutti,18-May-12,N.A.,N.A.,0.01,0.01
Department,18-May-12,0N.A,8.25,11.8,11.79
Dangerous Ishhq,11-May-12,1.1,3.35,6.3,6.3
The Forest,11-May-12,N.A.,N.A.,0.02,0.11
Ishaqzaade,11-May-12,4.54,15.91,25.73,45.73
Love Lies & Seeta,04-May-12,N.A.,N.A.,N.A.,N.A.
Jannat 2,04-May-12,8.52,24.03,35.55,42.5
Fatso,04-May-12,N.A.,N.A.,0.13,0.15
Tezz,27-Apr-12,3.5,11.08,14.9,15.42
Life Ki Toh Lag Gayi,27-Apr-12,0N.A,0N.A,0.27,0.32
Vicky Donor,20-Apr-12,1.8,7.4,12.5,35.5
Hate Story,20-Apr-12,2.1,6.6,11,13.55
Bittoo Boss,13-Apr-12,0.4,1.3,1.9,2.12
Ab Hoga Dharna Unlimited,13-Apr-12,N.A.,N.A.,N.A.,0.04
Chhodo Kal Ki Baatein,12-Apr-12,0N.A,0N.A,0.04,0.12
Key Club,06-Apr-12,N.A.,N.A.,0.01,0.94
Housefull 2,06-Apr-12,14,42.5,64,106
Bumboo,30-Mar-12,N.A.,N.A.,0.35,0.39
Blood Money,30-Mar-12,1.84,5.69,9,9.05
Jhansi Ki Rani,30-Mar-12,N.A.,N.A.,0,0.05
Agent Vinod,23-Mar-12,9.8,30.15,38.65,43.29
Chaurahen-Crossroads,16-Mar-12,0N.A,0N.A,0.01,0.01
Zindagi Tere Naam,16-Mar-12,N.A.,N.A.,0.03,0.04
Chaar Din Ki Chandni,09-Mar-12,N.A.,3.69,5.06,6.09
Kahaani,09-Mar-12,2.95,13.83,24.15,51.55
Diary of a Butterfly,02-Mar-12,0N.A,0N.A,0.05,0.06
Paan Singh Tomar,02-Mar-12,0.85,4.25,7.54,12
Will You Marry Me?,02-Mar-12,N.A.,N.A.,0.31,0.32
London Paris New York,02-Mar-12,1.06,4.07,6.12,6.44
Tere Naal Love Ho Gaya,24-Feb-12,1.9,7.8,13,20.08
Jodi Breakers,24-Feb-12,1.5,6,8.5,9.43
Ekk Deewana Tha,17-Feb-12,1.03,3.56,5.94,5.97
Ek Main Aur Ekk Tu,10-Feb-12,5.25,21.25,32.75,39.75
Valentine’s Night,10-Feb-12,N.A.,N.A.,0.03,0.04
Gali Gali Chor Hai,03-Feb-12,N.A.,3.25,4.38,4.83
Love You To Death,03-Feb-12,N.A.,N.A.,0.03,0.06
Agneepath,26-Jan-12,23,67.5,91.05,115
Phir Aik Sazish,20-Jan-12,N.A.,N.A.,0.03,0.04
Chaalis Chauraasi,13-Jan-12,N.A.,N.A.,2,2.58
Sadda Adda,13-Jan-12,0N.A,0N.A,0.3,0.34
Ghost,13-Jan-12,N.A.,N.A.,6.74,7.93
Tutiya Dil,13-Jan-12,0N.A,0N.A,0.09,0.09
Players,06-Jan-12,4.7,15.05,21.75,28.93
Malegaon Ka Spiderman,30-Nov-11,N.A.,N.A.,0.03,0.04
Zindagi 50-50,24-May-13,0N.A,0N.A,0.26,0.38
Zila Ghaziabad,22-Feb-13,3.5,10,16,16
Zanjeer,06-Sep-13,3.58,10.16,15.19,15.19
Yeh Jawaani Hai Deewani,31-May-13,19.45,62.11,107.61,188.57
Yamla Pagla Deewana 2,07-Jun-13,7.5,22.5,32,36.7
What The Fish,13-Dec-13,0.1,0.4,0.61,0.65
Wake Up India,25-Oct-13,N.A.,N.A.,0.036,0.037
Vishwaroop,01-Feb-13,1.89,7.56,0N.A,11.5
Tu Bewafa Hai,06-Dec-13,N.A.,N.A.,0.01,0.01
The World of Fashion,19-Apr-13,N.A.,N.A.,N.A.,0.015
The Lunchbox,20-Sep-13,1.25,7.1,11.62,20.19
The Light: Swami Vivekananda,23-Aug-13,N.A.,N.A.,0.06,0.14
The Dirty Relation,14-Jun-13,N.A.,N.A.,N.A.,0.025
The Attacks Of 26/11,01-Mar-13,1.45,5.5,8,13.6
Tara – The Journey of Love & Passion,12-Jul-13,N.A.,N.A.,0.02,0.024
Table No. 21,04-Jan-13,1.55,5.84,9.5,10.9
Super Model,27-Sep-13,0N.A,0N.A,0.59,1.12
Special 26,08-Feb-13,7,27,44,66.8
Sooper Se Ooper,25-Oct-13,0.03,0N.A,0.057,0.057
Sona Spa,22-Mar-13,N.A.,N.A.,0.23,0.23
Sixteen,12-Jul-13,N.A.,N.A.,1.24,1.44
Singh Saab The Great,22-Nov-13,6,18.5,25,26.66
Shuddh Desi Romance,06-Sep-13,6.45,23.27,36.58,46.6
Shree,26-Apr-13,N.A.,N.A.,0.32,0.32
Shorts,12-Jul-13,N.A.,N.A.,0.04,0.04
Shortcut Romeo,21-Jun-13,0.25,0N.A,2.25,2.58
Shootout At Wadala,03-May-13,10.1,30.7,46,60.18
Ship Of Theseus,19-Jul-13,0.05,0.25,0.48,0.48
Shahid,18-Oct-13,0.45,2.05,3.15,3.607
Satyagraha,30-Aug-13,11.21,39.12,55.43,63.74
Satya 2,08-Nov-13,0.45,1.2,1.88,1.98
Saheb Biwi Aur Gangster Returns,08-Mar-13,3.5,12.75,18.25,21.95
Saare Jahaan Se Mehnga,08-Mar-13,N.A.,N.A.,0.73,0.84
R… Rajkumar,06-Dec-13,10.2,30.59,47.05,66.1
Rise Of The Zombie,05-Apr-13,0N.A,0N.A,0N.A,0.31
Raqt – Ek Rishta,27-Sep-13,0N.A,0N.A,0.14,0.24
Rangrezz,21-Mar-13,1,4,6,6.37
Ramaiya Vastavaiya,19-Jul-13,4.1,15.3,26.85,36.3
Rajjo,15-Nov-13,0.3,0N.A,1.51,1.73
Rajdhani Express,04-Jan-13,N.A.,N.A.,0.33,0.35
Race 2,25-Jan-13,15.12,51.35,76.1,100.45
Rabba Main Kya Karoon,02-Aug-13,0.18,0.78,1.09,1.09
Raanjhanaa,21-Jun-13,5.12,20.08,33.93,60.35
Pyaar Mein Aisa Hota Hai,11-Jan-13,N.A.,N.A.,N.A.,0.01
Prague,27-Sep-13,0N.A,0N.A,0.07,0.07
Policegiri,05-Jul-13,3.25,8.9,13.67,16.81
Phata Poster Nikhla Hero,20-Sep-13,6,21.25,31.5,36.53
Paapi – Ek Satya Katha,11-Oct-13,N.A,N.A,0N.A,0.05
Ooops a Desi,23-Aug-13,0N.A,0N.A,0N.A,0.01
Once Upon Ay Time In Mumbai Dobaara!,15-Aug-13,11.25,40,53,61
Nautanki Saala!,12-Apr-13,3.25,13.25,19,21.7
Nasha,26-Jul-13,0.74,3.2,3.5,3.86
My Husband’s Wife,09-Aug-13,0N.A,0N.A,0N.A,0.026
Murder Plan,19-Apr-13,N.A.,N.A.,N.A.,0.013
Murder 3,15-Feb-13,4.52,13.31,20.95,22.88
Mumbai Mirror,18-Jan-13,N.A.,N.A.,1.57,1.83
Mickey Virus,25-Oct-13,1.35,4.75,7.1,7.66
Meri Shadi Karao,04-Jan-13,N.A.,N.A.,0.06,0.06
Mere Dad Ki Maruti,15-Mar-13,1.03,4.59,8.09,12.54
Matru Ki Bijlee Ka Mandola,11-Jan-13,7.02,22.42,33.17,41
Mai…,01-Feb-13,0N.A,0N.A,0.08,0.08
Main Krishna Hoon,25-Jan-13,N.A.,N.A.,0.29,0.29
Mai To Hu Hi Ulta,26-Apr-13,N.A.,N.A.,N.A.,N.A.
Mahabharat,27-Dec-13,0N.A,0N.A,1.29,1.36
Madras Cafe,23-Aug-13,5.23,21.01,33.81,42.67
Maazii,27-Sep-13,N.A.,N.A.,0.1,0.13
Luv U Soniyo,26-Jul-13,0.4,2.1,2.7,2.7
Lootera,05-Jul-13,5.15,19,27.3,29
Listen… Amaya,01-Feb-13,N.A.,N.A.,0.07,0.07
Life Mein Hungama Hai,26-Apr-13,N.A.,N.A.,0.05,0.05
Lakeer Ka Fakeer,14-Jun-13,0N.A,0N.A,0N.A,0.02
Krrish 3,01-Nov-13,25.5,72.8,166.52,244.92
Kai Po Che!,22-Feb-13,4.5,18.1,29.5,49.67
Jolly L.L.B.,15-Mar-13,3.12,12.51,19.52,32.71
John Day,13-Sep-13,0.45,1.5,0N.A,1.59
Jayanta Bhai Ki Luv Story,15-Feb-13,0.5,2.5,0N.A,4
Jackpot,13-Dec-13,1.25,3,4.97,5.23
Issaq,26-Jul-13,0.78,2.5,4,4
Ishkq In Paris,24-May-13,N.A.,1.25,1.84,1.87
Ishk Actually,25-Oct-13,0.08,0N.A,0.32,0.34
Inkaar,18-Jan-13,1.75,6.35,9.5,9.5
"I, Me Aur Main",01-Mar-13,N.A.,5.4,7.9,8.75
I Don’t Luv U,17-May-13,N.A.,N.A.,0.34,0.45
Hum Hai Raahi CAR Ke,24-May-13,0N.A,0.5,0.69,0.72
Huff! – It’s Too Much,08-Nov-13,N.A.,N.A.,N.A.,0.02
Horror Story,13-Sep-13,0.79,2.86,4.94,4.94
Himmatwala,29-Mar-13,12.1,31.1,0N.A,47.45
Grand Masti,13-Sep-13,12.51,40.18,67.4,102
Gori Tere Pyaar Mein!,22-Nov-13,2.75,9.5,12.15,16.32
Goliyon Ki Raasleela Ram-leela,15-Nov-13,16,52.75,82.15,116.33
Go Goa Gone,10-May-13,3.75,12.9,19.92,25.16
Gippi,10-May-13,0.75,3,4.5,4.5
Ghanchakkar,28-Jun-13,7.2,22.3,31.6,34
Gangoobai,11-Jan-13,N.A.,N.A.,N.A.,0.01
Fukrey,14-Jun-13,2.62,9.82,18.42,36.5
Four Two Ka One,10-May-13,N.A.,N.A.,0.03,0.03
Enemmy – Law And Disorder,21-Jun-13,0.35,0N.A,1.5,1.71
Ek Thi Daayan,19-Apr-13,6.24,18.07,25.8,25.8
Dilli Gang,25-Oct-13,N.A.,N.A.,0.058,0.065
Dhoom 3,20-Dec-13,36.22,107.61,188.99,284.27
Dekha Jo Pehli Baar,04-Jan-13,N.A.,N.A.,N.A.,N.A.
Dehraadun Diary,04-Jan-13,N.A.,N.A.,0.33,0.35
Deewana Main Deewana,01-Feb-13,0N.A,0N.A,0.06,0.12
David,01-Feb-13,0.69,2.41,3.75,3.75
D-Day,19-Jul-13,2.94,13.69,24,24
Commando – A One Man Army,12-Apr-13,3.69,11.18,17.5,21.47
Club 60,06-Dec-13,N.A.,N.A.,0.32,0.42
Chor Chor Super Chor,02-Aug-13,N.A.,N.A.,0.07,0.07
Chhota Bheem and the throne of Bali,03-May-13,N.A.,N.A.,2.3,4.33
Chennai Express,09-Aug-13,33.12,100.42,156.7,227.13
Chehra,26-Apr-13,N.A.,N.A.,0.02,0.038
Chashme Baddoor,05-Apr-13,5.18,19.2,30,41.68
Calapor,02-Aug-13,N.A.,N.A.,0.05,0.05
Bullett Raja,29-Nov-13,7.5,23.3,34.91,36.24
Boss,16-Oct-13,12.75,40.75,45.55,54.15
Bombay Talkies,03-May-13,1.3,5.05,7.5,8.49
Bloody Isshq,01-Mar-13,N.A.,N.A.,0.06,0.07
Bin Phere Free Me Ttere,03-May-13,N.A.,N.A.,0.03,0.03
Bhadaas,27-Dec-13,N.A.,N.A.,0.09,0.1
Bhaag Milkha Bhaag,12-Jul-13,8.65,32.3,52.44,108.93
Besharam,02-Oct-13,21.56,47.69,52.1,59.79
Beehad – The Ravines,17-May-13,N.A.,N.A.,N.A.,0.24
Bas Ek Tamanna,09-Aug-13,N.A.,N.A.,N.A.,0.016
Bandook,18-Jan-13,N.A.,N.A.,0.08,0.096
Bajatey Raho,26-Jul-13,1.2,4.25,6.3,6.37
Baat Bann Gayi,11-Oct-13,N.A.,N.A.,0.11,0.15
B.A. Pass,02-Aug-13,1,4,5.9,8.4
Aurangzeb,17-May-13,3.92,12.86,19.6,22.35
Ankur Arora Murder Case,14-Jun-13,0.12,1.05,0N.A,1.05
Amdavad Junction,25-Oct-13,N.A.,N.A.,0.038,0.039
AkaashVani,25-Jan-13,0N.A,0N.A,1.92,2.11
ABCD – Any Body Can Dance,08-Feb-13,5.5,19.5,32.2,45.5
Aatma,22-Mar-13,N.A.,N.A.,N.A.,8.78
Aashiqui 2,26-Apr-13,6.25,20.5,38.4,78.42
3G,15-Mar-13,1.1,3.62,5.82,5.91
2 Little Indians,19-Apr-13,N.A.,N.A.,N.A.,0.021
Ugly,26-Dec-14,0.4,1.65,3.34,6.23
PK,19-Dec-14,26.63,95.41,183.09,340.8
Room – The Mystery,12-Dec-14,N.A.,N.A.,0.01,0.01
Life Mein Twist Hai,12-Dec-14,0N.A,0N.A,0.01,0.02
Main Aur Mr. Riight,12-Dec-14,0.04,0.15,0.29,0.33
LUV…..Phir Kabhie,12-Dec-14,N.A.,N.A.,0.02,0.02
Kaash Tum Hote,12-Dec-14,N.A.,N.A.,0.02,0.05
Badlapur Boys,12-Dec-14,0.14,0.43,0.76,0.89
Bhopal: A Prayer For Rain,05-Dec-14,0N.A,0N.A,1.11,1.36
Action Jackson,05-Dec-14,10.25,29.25,45.16,57.78
Zid,28-Nov-14,2.82,8.68,14.08,14.08
Sulemani Keeda,28-Nov-14,0N.A,0N.A,0.11,0.16
Zed Plus,28-Nov-14,N.A.,N.A.,0.47,0.47
Ungli,28-Nov-14,3.6,12.8,19.15,19.47
Darr Ke Aage Jeet Hai,21-Nov-14,N.A,N.A,0.02,0.02
Gollu Aur Pappu,21-Nov-14,N.A,N.A,0.01,0.01
The Real Dream Girl,21-Nov-14,N.A,N.A,0.01,0.01
Happy Ending,21-Nov-14,3.75,13,19.05,19.44
Titoo MBA,21-Nov-14,N.A,N.A,0.1,0.1
Kill Dil,14-Nov-14,6.53,20.18,29.28,33.14
Money Back Gurantee,14-Nov-14,N.A,N.A,0.05,0.05
6-5=2,14-Nov-14,0.1,N.A.,0.71,0.71
The Shaukeens,07-Nov-14,5.12,18.52,18.88,28
Chaar Sahibzaade,07-Nov-14,N.A.,N.A.,3.5,33.17
Rang Rasiya / Colors of Passion,07-Nov-14,0.63,2.31,3.89,4.8
Super Nani,31-Oct-14,0.5,1.42,2.52,2.61
Roar – Tigers Of The Sunderbans,31-Oct-14,1.6,5,7.68,8.68
C.D. Kand,24-Oct-14,N.A.,N.A.,0N.A,0.03
Happy New Year,24-Oct-14,44.97,108.86,157.57,203
Gurjar Aandolan,17-Oct-14,0N.A,0N.A,0.01,0.01
Sonali Cable,17-Oct-14,0.14,0.45,0.81,0.91
Mumbai 125 KM,17-Oct-14,0.34,1.12,1.47,1.65
Jigariyaa,10-Oct-14,0.02,0.07,0.16,0.16
Tamanchey,10-Oct-14,0.22,0.66,1.3,1.46
Ekkees Toppon Ki Salaami,10-Oct-14,0.22,0.83,1.4,1.58
Spark,10-Oct-14,0.03,0.05,0.09,0.09
Bang Bang!,02-Oct-14,27.54,94.13,135.45,181.03
Haider,02-Oct-14,6.14,26.78,41,56.09
Ladies First,02-Oct-14,N.A.,N.A.,0.01,0.01
Meinu Ek Ladki Chaahiye,26-Sep-14,N.A.,N.A.,0.07,0.07
Chaarfutiya Chhokare,26-Sep-14,0.04,0.1,0.21,0.21
3 A.M.,26-Sep-14,0.28,1.2,1.8,1.84
Balwinder Singh… Famous Ho Gaya,26-Sep-14,0.1,0.28,0.53,0.54
Desi Kattey,26-Sep-14,0.55,1.75,2.92,2.98
Khoobsurat,19-Sep-14,2.74,11.53,19.11,24.75
Daawat-e-Ishq,19-Sep-14,3.72,13.6,20.43,25.5
Finding Fanny,12-Sep-14,5.1,19.9,28.09,35.91
Creature,12-Sep-14,3.24,11.36,17.7,17.7
Mary Kom,05-Sep-14,8.4,30.6,46,56.5
Raja Natwarlal,29-Aug-14,6.1,17.4,25.88,26.83
Identity Card,29-Aug-14,N.A.,N.A.,0.01,0.02
Mardaani,22-Aug-14,3.46,14.46,22.97,35.82
Mad About Dance,22-Aug-14,0N.A,0N.A,0.18,0.2
Trip to Bhangarh,22-Aug-14,N.A.,N.A.,0.12,0.14
Katiyabaaz,22-Aug-14,N.A.,N.A.,0.09,0.1
Life Is Beautiful!,22-Aug-14,N.A.,N.A.,0.04,0.04
Singham Returns,15-Aug-14,32.09,77.69,112.59,140.62
Entertainment,08-Aug-14,11.16,36.69,56.5,72.02
Lateef: The King Of Crime,01-Aug-14,N.A.,N.A.,0.05,0.06
Kick,25-Jul-14,26.4,83.83,164.09,231.85
Riyasat,18-Jul-14,0N.A,0N.A,0.01,0.01
Aaj Ka Fashion Trend,18-Jul-14,N.A,N.A.,0.01,0.01
Amit Sahni Ki List,18-Jul-14,0.69,2.83,4.36,4.36
Pizza,18-Jul-14,0.75,2.91,4.22,4.25
Bazaar-E-Husn,18-Jul-14,N.A.,N.A.,0.01,0.01
Hate Story 2,18-Jul-14,5.46,15.85,25.6,27.16
Munna Mange Memsaab,11-Jul-14,N.A.,N.A.,0.02,0.02
Humpty Sharma Ki Dulhania,11-Jul-14,9.02,33.74,53.31,76.81
Bollywood Villa,11-Jul-14,N.A.,N.A.,N.A.,0.02
Lekar Hum Deewana Dil,04-Jul-14,0.5,1.6,2.4,2.49
Bobby Jasoos,04-Jul-14,1.79,7.68,10.83,11.74
Ek Villain,27-Jun-14,16.72,50.7,77.2,105.62
Humshakals,20-Jun-14,12.5,40.13,56.35,63.72
Guardians,20-Jun-14,N.A.,N.A.,0.01,0.01
The Untold Story Aahinsa,20-Jun-14,N.A.,N.A.,0.01,0.01
Chal Bhaag,13-Jun-14,0N.A,0N.A,0.05,0.07
Nari Teri Shakti Anokhi,13-Jun-14,N.A.,N.A.,0.01,0.01
Machhli Jal Ki Rani Hai,13-Jun-14,N.A.,N.A.,1.08,1.35
Unforgettable,13-Jun-14,N.A.,N.A.,0.02,0.02
18.11 (A code of Secrecy…!),13-Jun-14,N.A.,N.A.,0.012,0.012
Fugly,13-Jun-14,2.95,9.34,11.57,12.28
Holiday – A Soldier Is Never Off Duty,06-Jun-14,12.18,41.32,68.65,112.45
Filmistaan,06-Jun-14,0.51,2.81,4.91,6.28
Kuku Mathur Ki Jhand Ho Gayi,30-May-14,0.33,1.32,2.07,2.15
Citylights,30-May-14,0.7,3.57,6,8.51
Heropanti,23-May-14,6.63,21.33,35.91,52.92
Mighty Raju – Rio Calling,16-May-14,0N.A,0N.A,0.76,1.18
The Xpose,16-May-14,2.97,10.97,18.61,22.77
M3-Midsummer Midnight Mumbai,16-May-14,0N.A,0N.A,0.25,0.25
Children of War,16-May-14,0N.A,0N.A,0.61,0.62
Hawaa Hawaai,09-May-14,0.8,4.25,7.7,10.42
Mastram,09-May-14,0.5,2.08,3.25,3.35
Manjunath,09-May-14,0.2,0N.A,1,1
Khwaabb,09-May-14,0.2,0N.A,0.75,0.75
Yeh Hai Bakrapur,09-May-14,0.2,N.A.,0.7,0.7
Koyelaanchal,09-May-14,0.45,1.42,2.15,2.25
Kya Dilli Kya Lahore,02-May-14,0.08,0.22,0.69,0.69
Purani Jeans,02-May-14,0.32,1.1,1.17,1.19
Angry Young Man,01-May-14,0N.A,0N.A,0.02,0.02
Kahin Hai Mera Pyar,01-May-14,N.A.,N.A.,0.07,0.07
Samrat & Co.,25-Apr-14,0.23,0.82,1.26,1.29
Revolver Rani,25-Apr-14,1.5,6.5,8.45,10.34
Kaanchi…,25-Apr-14,0.75,2.36,3.77,3.9
Lucky Kabootar,18-Apr-14,N.A.,N.A.,0.22,0.27
Dekh Tamasha Dekh,18-Apr-14,N.A.,N.A.,0.15,0.18
2 States,18-Apr-14,12.42,38.06,60.73,102.13
Bhoothnath Returns,11-Apr-14,4.07,18.02,30.14,39.54
Main Tera Hero,04-Apr-14,6.6,22.73,38.48,50.6
Jal,04-Apr-14,0.1,0.5,0.55,0.55
Honour Killing,04-Apr-14,N.A.,N.A.,0.15,0.15
Ebn-e-Batuta,04-Apr-14,N.A.,N.A.,0.01,0.01
Dishkiyaoon,28-Mar-14,1.03,3.5,4.97,5.23
Station,28-Mar-14,N.A.,N.A.,0.19,0.19
Youngistaan,28-Mar-14,0.98,4,6.13,6.91
O Teri,28-Mar-14,0.9,2.25,3.3,3.46
Ankhon Dekhi,21-Mar-14,0N.A,0N.A,0.64,0.74
Gang of Ghosts,21-Mar-14,N.A.,N.A.,1.55,1.7
Lakshmi,21-Mar-14,0N.A,0N.A,0.18,0.18
Ragini MMS – 2,21-Mar-14,8.43,24.5,39.38,45.99
Bewakoofiyaan,14-Mar-14,2.23,7.31,12.77,14.01
Neighbours,14-Mar-14,0N.A,0N.A,0.07,0.07
W,14-Mar-14,N.A.,N.A.,0.04,0.04
Total Siyapaa,07-Mar-14,1.11,4.09,5.77,5.94
Gulaab Gang,07-Mar-14,2.41,8.84,12.54,14.58
Queen,07-Mar-14,1.8,10,18.8,61
Shaadi Ke Side Effects,28-Feb-14,5.7,34.23,30.83,37.36
Anuradha,28-Feb-14,N.A.,N.A.,N.A.,0.015
Highway,21-Feb-14,3.42,13.97,22.38,30.61
Dee Saturday Night,21-Feb-14,N.A.,N.A.,0.35,0.37
Darr @The Mall,21-Feb-14,1.1,3.8,4.8,4.95
Gunday,14-Feb-14,16.12,43.93,63.08,78.6
Babloo Happy Hai,07-Feb-14,N.A.,N.A.,0.23,0.29
Hasee Toh Phasee,07-Feb-14,4.65,18.4,28.55,37.4
Ya Rab,07-Feb-14,0N.A,0N.A,0.17,0.23
Heartless,07-Feb-14,N.A.,0.75,1.08,1.19
One By Two,31-Jan-14,0.6,1.91,2.59,2.63
Jai Ho,24-Jan-14,17.75,60.68,88.78,116
Miss Lovely,17-Jan-14,0.15,0.49,0N.A,0.49
Karle Pyaar Karle,17-Jan-14,0.3,0.7,1.17,1.24
Strings Of Passion,17-Jan-14,N.A.,N.A.,0.01,0.01
Paranthe Wali Gali,17-Jan-14,0.05,0.15,N.A.,0.15
Dedh Ishqiya,10-Jan-14,3,12,19.64,27.5
Yaariyan,10-Jan-14,5.75,19.2,31.5,40.14
Sholay 3D,03-Jan-14,1.5,6.3,8.43,11.39
Mr Joe B. Carvalho,03-Jan-14,0.65,2,2.95,3.08
